住所,名前
市場4,青山病院
西習志野4,本田こどもクリニック
前原西6,ささもと小児科
印内町,西船耳鼻咽喉科医院
西船2,西船医院
前原西6,吉田医院
海神5,藤岡医院
西船2,まつうら内科
前原西8,船津医院
海神6,なかむら内科消化器クリニック
西船4,岩田内科循環器科
前原東1,いけだ病院
葛飾町2,近藤クリニック
西船4,葛葉クリニック
前原東5,井上クリニック
上山町1,ウェルビーイング内科クリニック
西船4,つばさ在宅クリニック西船橋
前原東6,こばやしクリニック
上山町1,法典クリニック
西船4,西船内科
馬込町,山中医院
上山町1,若葉クリニック
西船4,西船山本皮フ科
松が丘1,さんいく会ファミリークリニック
北本町1,Kレディースクリニック
西船5,山口病院
松が丘2,松が丘診療所
行田1,やまなか小児科・内科
二宮1,いとう内科循環器科クリニック
丸山1,坂口医院
行田3,船橋行田クリニック
浜町2,かわい内科クリニック
三咲3,大島記念嬉泉病院
咲が丘3,おぐち小児科
浜町2,東京ベイサイドクリニック
三咲3,コミュニティクリニックみさき
芝山3,矢島耳鼻咽喉科医院
浜町2,船橋ベイサイド小児科
湊町2,ほり内科クリニック
芝山4,しもやま内科
東中山1,土居内科医院
南本町,南浜診療所
高根台4,高根木戸診療所
東船橋1,いのまたこどもクリニック
南三咲1,吉沼医院
高根台4,高根台病院
東船橋3,有田クリニック
南三咲2,佐々木医院
高根台4,東船橋病院
東船橋4,安西クリニック
南三咲4,滝不動病院
高根台6,妹尾内科
藤原7,馬込沢クリニック
三山8,志村医院
高根台7,やまと内科小児科クリニック
本町1,みやもとクリニック
三山9,及川医院
田喜野井7,戸張クリニック
本町1,森田クリニック
宮本2,やぐち内科クリニック
坪井東1,しまね内科クリニック
本町1,やすまクリニック
宮本4,くりはら内科・皮膚科クリニック
坪井東2,たいようこどもクリニック
本町2,板倉病院
宮本6,寺田医院
夏見1,ジーク夏見クリニック
本町2,加藤医院
宮本8,ぜんり歯科内科クリニック
夏見町2,トレポンテこどもクリニック
本町2,高木医院
本中山2,下総中山整形外科クリニック
習志野5,愛育レディースクリニック
本町3,田中外科・肛門科クリニック
薬園台6,たかざわ医院
習志野台1,鳥海内科
本町7,小野内科医院
薬園台6,薬円台眼科
習志野台2,北習志野耳鼻咽喉科・アレルギー科
前貝塚町,東武塚田クリニック
薬園台6,薬園台さかいクリニック
習志野台2,習志野台整形外科内科
前原西2,クリニック津田沼
薬園台6,薬円台泌尿器科腎クリニック
習志野台2,花輪病院附属駅前クリニック
前原西2,津田沼診療所
山手1,ドクターランド船橋
習志野台3,きたなら駅ビル内科クリニック
前原西2,津田沼ヒフ科
山手1,山﨑内科外科クリニック
習志野台3,北習志野えんどう内科
前原西2,深沢医院
山手3,新船橋みみはなのどクリニック
習志野台3,山岡内科クリニック
前原西2,平安堂内科
山手3,つかさクリニック
習志野台4,共立習志野台病院
前原西3,前原医院
若松2,南船橋クリニック
西習志野1,水井医院
西習志野3,高地内科
